epsilon,original,privado
0.005,-12.534524936868687,-12.859896237768336
0.010,-12.534524936868687,-12.809687208228903
0.015,-12.534524936868687,-12.71796645110883
0.020,-12.534524936868687,-12.82212364199959
0.025,-12.534524936868687,-12.764603900973409
0.030,-12.534524936868687,-12.702822877283792
0.035,-12.534524936868687,-12.678780314367348
0.040,-12.534524936868687,-12.503785607034184
0.045,-12.534524936868687,-12.507201088126905
0.050,-12.534524936868687,-12.485642600193872
0.055,-12.534524936868687,-12.490086448982492
0.060,-12.534524936868687,-12.533697431118739
0.065,-12.534524936868687,-12.533761085407198
0.070,-12.534524936868687,-12.519269191276026
0.075,-12.534524936868687,-12.520286240982204
0.080,-12.534524936868687,-12.570119720173214
0.085,-12.534524936868687,-12.568025909390595
0.090,-12.534524936868687,-12.520546540811717
0.095,-12.534524936868687,-12.521282245867347
0.100,-12.534524936868687,-12.46590101633375
0.005,-24.170169733502537,-22.797691322803775
0.010,-24.170169733502537,-24.310183380278296
0.015,-24.170169733502537,-24.263512164686375
0.020,-24.170169733502537,-24.185195527507837
0.025,-24.170169733502537,-24.182190368706777
0.030,-24.170169733502537,-24.28086361012081
0.035,-24.170169733502537,-24.265050199175345
0.040,-24.170169733502537,-24.370096006507485
0.045,-24.170169733502537,-24.347881976173603
0.050,-24.170169733502537,-24.15744773949776
0.055,-24.170169733502537,-24.158604284407282
0.060,-24.170169733502537,-24.198140187885286
0.065,-24.170169733502537,-24.162927945846363
0.070,-24.170169733502537,-24.163445216393235
0.075,-24.170169733502537,-24.267123945163398
0.080,-24.170169733502537,-24.261064306934596
0.085,-24.170169733502537,-24.159283875061547
0.090,-24.170169733502537,-24.159888644974934
0.095,-24.170169733502537,-24.152146398599736
0.100,-24.170169733502537,-24.153047565344874
0.005,-30.213519597457626,-30.17795230805179
0.010,-30.213519597457626,-30.195735952754706
0.015,-30.213519597457626,-30.181139677077077
0.020,-30.213519597457626,-30.189234657172214
0.025,-30.213519597457626,-30.176632707193967
0.030,-30.213519597457626,-30.18278052223791
0.035,-30.213519597457626,-30.174022043818088
0.040,-30.213519597457626,-30.17895923802303
0.045,-30.213519597457626,-30.192824224002045
0.050,-30.213519597457626,-30.1948937613476
0.055,-30.213519597457626,-30.209133280793985
0.060,-30.213519597457626,-30.20949880718262
0.065,-30.213519597457626,-30.237877814370762
0.070,-30.213519597457626,-30.236137941734107
0.075,-30.213519597457626,-30.22057192462195
0.080,-30.213519597457626,-30.22013115417418
0.085,-30.213519597457626,-30.138312761299407
0.090,-30.213519597457626,-30.142490918863754
0.095,-30.213519597457626,-30.192679212952307
0.100,-30.213519597457626,-30.193721232177573
0.005,-28.896310432569976,-27.966562660293896
0.010,-28.896310432569976,-28.431436546431936
0.015,-28.896310432569976,-29.55724302242949
0.020,-28.896310432569976,-29.39200987496461
0.025,-28.896310432569976,-28.916274951048944
0.030,-28.896310432569976,-28.91294753130245
0.035,-28.896310432569976,-28.90132907547676
0.040,-28.896310432569976,-28.900701745113412
0.045,-28.896310432569976,-28.931346734118407
0.050,-28.896310432569976,-28.927843103963564
0.055,-28.896310432569976,-28.870361558698743
0.060,-28.896310432569976,-28.87252396485468
0.065,-28.896310432569976,-28.909425667135107
0.070,-28.896310432569976,-28.90848886466617
0.075,-28.896310432569976,-28.90523260237895
0.080,-28.896310432569976,-28.90467496676589
0.085,-28.896310432569976,-28.884698840462626
0.090,-28.896310432569976,-28.885343928913034
0.095,-28.896310432569976,-28.893698182953354
0.100,-28.896310432569976,-28.893828795434185
0.005,-20.78844991089613,-20.716758457646105
0.010,-20.78844991089613,-20.752604184271117
0.015,-20.78844991089613,-20.66094273275912
0.020,-20.78844991089613,-20.692819527293373
0.025,-20.78844991089613,-20.72228655378254
0.030,-20.78844991089613,-20.733313779968135
0.035,-20.78844991089613,-20.785842264417212
0.040,-20.78844991089613,-20.786168220227076
0.045,-20.78844991089613,-20.891505510287704
0.050,-20.78844991089613,-20.881199950348545
0.055,-20.78844991089613,-20.82551387270952
0.060,-20.78844991089613,-20.82242520922507
0.065,-20.78844991089613,-20.775945438572347
0.070,-20.78844991089613,-20.776838615166906
0.075,-20.78844991089613,-20.802229389965074
0.080,-20.78844991089613,-20.801368172523265
0.085,-20.78844991089613,-20.80200897102425
0.090,-20.78844991089613,-20.80125568990602
0.095,-20.78844991089613,-20.80767380911764
0.100,-20.78844991089613,-20.806712614206564
0.005,-18.72579318760611,-18.485752476777318
0.010,-18.72579318760611,-18.605772832191715
0.015,-18.72579318760611,-18.814566366364698
0.020,-18.72579318760611,-18.79237307167505
0.025,-18.72579318760611,-18.739354636169704
0.030,-18.72579318760611,-18.73709439474244
0.035,-18.72579318760611,-18.75753031752578
0.040,-18.72579318760611,-18.753563176285823
0.045,-18.72579318760611,-18.72701480841176
0.050,-18.72579318760611,-18.726892646331194
0.055,-18.72579318760611,-18.714191476248338
0.060,-18.72579318760611,-18.71515828552815
0.065,-18.72579318760611,-18.734083566046337
0.070,-18.72579318760611,-18.73349139615775
0.075,-18.72579318760611,-18.701241155631823
0.080,-18.72579318760611,-18.702775657630216
0.085,-18.72579318760611,-18.736281031214126
0.090,-18.72579318760611,-18.735698373235905
0.095,-18.72579318760611,-18.761136812377554
0.100,-18.72579318760611,-18.75936963113898
0.005,-18.733795032751093,-18.990026442038644
0.010,-18.733795032751093,-18.86191073739487
0.015,-18.733795032751093,-18.931376343568566
0.020,-18.733795032751093,-18.8819810158642
0.025,-18.733795032751093,-18.695060238130104
0.030,-18.733795032751093,-18.701516037233603
0.035,-18.733795032751093,-18.809256482577126
0.040,-18.733795032751093,-18.79982380134887
0.045,-18.733795032751093,-18.755154873724866
0.050,-18.733795032751093,-18.753018889627487
0.055,-18.733795032751093,-18.768581376515588
0.060,-18.733795032751093,-18.765682514535214
0.065,-18.733795032751093,-18.737189652445707
0.070,-18.733795032751093,-18.73694717961038
0.075,-18.733795032751093,-18.679739699171623
0.080,-18.733795032751093,-18.68311815752034
0.085,-18.733795032751093,-18.722447079525733
0.090,-18.733795032751093,-18.723077521371586
0.095,-18.733795032751093,-18.73812291767779
0.100,-18.733795032751093,-18.73790652343145
0.005,-16.936579418789808,-17.394566771743488
0.010,-16.936579418789808,-17.165573095266648
0.015,-16.936579418789808,-16.919080453420783
0.020,-16.936579418789808,-16.92345519476304
0.025,-16.936579418789808,-17.006822229996157
0.030,-16.936579418789808,-16.9951150947951
0.035,-16.936579418789808,-16.90551916333866
0.040,-16.936579418789808,-16.909401695270052
0.045,-16.936579418789808,-16.931838891515604
0.050,-16.936579418789808,-16.932312944243023
0.055,-16.936579418789808,-16.960354210197117
0.060,-16.936579418789808,-16.95837297757984
0.065,-16.936579418789808,-16.928143922421196
0.070,-16.936579418789808,-16.928746457876095
0.075,-16.936579418789808,-16.958743361920654
0.080,-16.936579418789808,-16.957358115474975
0.085,-16.936579418789808,-16.89556005908204
0.090,-16.936579418789808,-16.897838912399138
0.095,-16.936579418789808,-16.92808257261072
0.100,-16.936579418789808,-16.928507414919675
0.005,-13.210026189127973,-13.110910125378366
0.010,-13.210026189127973,-13.16046815725317
0.015,-13.210026189127973,-13.220701219050929
0.020,-13.210026189127973,-13.21803246157019
0.025,-13.210026189127973,-13.146398551278319
0.030,-13.210026189127973,-13.157003157586594
0.035,-13.210026189127973,-13.247450842620268
0.040,-13.210026189127973,-13.24277276093373
0.045,-13.210026189127973,-13.174521476605843
0.050,-13.210026189127973,-13.178071947858056
0.055,-13.210026189127973,-13.150043664236607
0.060,-13.210026189127973,-13.155042207977555
0.065,-13.210026189127973,-13.155200409158171
0.070,-13.210026189127973,-13.159116536298871
0.075,-13.210026189127973,-13.218713365687504
0.080,-13.210026189127973,-13.218170417152534
0.085,-13.210026189127973,-13.237018691487798
0.090,-13.210026189127973,-13.235519108023363
0.095,-13.210026189127973,-13.24110514502443
0.100,-13.210026189127973,-13.239551197229607
0.005,-12.532552083333334,-12.281542302078153
0.010,-12.532552083333334,-12.407047192705743
0.015,-12.532552083333334,-12.439133681608105
0.020,-12.532552083333334,-12.462488282039411
0.025,-12.532552083333334,-12.494278552657148
0.030,-12.532552083333334,-12.500657474436512
0.035,-12.532552083333334,-12.575755291970031
0.040,-12.532552083333334,-12.570354890890444
0.045,-12.532552083333334,-12.495642887301543
0.050,-12.532552083333334,-12.49933380690472
0.055,-12.532552083333334,-12.581001038529374
0.060,-12.532552083333334,-12.57696362559637
0.065,-12.532552083333334,-12.53631471633906
0.070,-12.532552083333334,-12.53604595683865
0.075,-12.532552083333334,-12.536220501155968
0.080,-12.532552083333334,-12.535991225042054
0.085,-12.532552083333334,-12.530573050505794
0.090,-12.532552083333334,-12.53068299677399
0.095,-12.532552083333334,-12.527213408206768
0.100,-12.532552083333334,-12.527480341963097
0.005,-12.418091838507877,-12.12444396525058
0.010,-12.418091838507877,-12.271267901879229
0.015,-12.418091838507877,-12.456553579619806
0.020,-12.418091838507877,-12.446938144341823
0.025,-12.418091838507877,-12.430493496254886
0.030,-12.418091838507877,-12.428426553297053
0.035,-12.418091838507877,-12.41259081964076
0.040,-12.418091838507877,-12.41327844699915
0.045,-12.418091838507877,-12.412037671912978
0.050,-12.418091838507877,-12.412643088572468
0.055,-12.418091838507877,-12.423293227214005
0.060,-12.418091838507877,-12.422859778155162
0.065,-12.418091838507877,-12.433715372448384
0.070,-12.418091838507877,-12.43259940573835
0.075,-12.418091838507877,-12.436496643141485
0.080,-12.418091838507877,-12.435346342851885
0.085,-12.418091838507877,-12.406794274414143
0.090,-12.418091838507877,-12.407421916863795
0.095,-12.418091838507877,-12.422781431967604
0.100,-12.418091838507877,-12.422546952294617
0.005,-14.121989831138487,-13.788182006505775
0.010,-14.121989831138487,-13.955085918822132
0.015,-14.121989831138487,-14.028577204198895
0.020,-14.121989831138487,-14.051930360933794
0.025,-14.121989831138487,-14.113519411511646
0.030,-14.121989831138487,-14.109720132815914
0.035,-14.121989831138487,-14.111472946861996
0.040,-14.121989831138487,-14.093122035059231
0.045,-14.121989831138487,-14.096329567956925
0.050,-14.121989831138487,-14.111430734669336
0.055,-14.121989831138487,-14.112390652530168
0.060,-14.121989831138487,-14.127012741290264
0.065,-14.121989831138487,-14.126626363586281
0.070,-14.121989831138487,-14.11232549475871
0.075,-14.121989831138487,-14.112969783850696
0.080,-14.121989831138487,-14.117205107422683
0.085,-14.121989831138487,-14.117486561758906
0.090,-14.121989831138487,-14.121542262233564
0.095,-14.121989831138487,-14.121565818491717
0.100,-14.121989831138487,-14.121827865746663
0.005,-16.377527573529413,-16.374163676929996
0.010,-16.377527573529413,-16.39423390346159
0.015,-16.377527573529413,-16.388665126817532
0.020,-16.377527573529413,-16.343711102690964
0.025,-16.377527573529413,-16.350474396858655
0.030,-16.377527573529413,-16.42491464284537
0.035,-16.377527573529413,-16.41814506151452
0.040,-16.377527573529413,-16.380310254274704
0.045,-16.377527573529413,-16.380001067525225
0.050,-16.377527573529413,-16.37449982849774
0.055,-16.377527573529413,-16.374775078046074
0.060,-16.377527573529413,-16.36716793196784
0.065,-16.377527573529413,-16.367964827472573
0.070,-16.377527573529413,-16.379781590240125
0.075,-16.377527573529413,-16.37963132245941
0.080,-16.377527573529413,-16.376473320343962
0.085,-16.377527573529413,-16.376535335237225
0.090,-16.377527573529413,-16.388983148272867
0.095,-16.377527573529413,-16.38838022328637
0.100,-16.377527573529413,-16.377955247932906
0.005,-17.247459372723963,-17.255401897360294
0.010,-17.247459372723963,-17.218153417199346
0.015,-17.247459372723963,-17.227922069040886
0.020,-17.247459372723963,-17.255947447053874
0.025,-17.247459372723963,-17.25424983218789
0.030,-17.247459372723963,-17.317144332560986
0.035,-17.247459372723963,-17.307189338298556
0.040,-17.247459372723963,-17.23142059106881
0.045,-17.247459372723963,-17.233202677919387
0.050,-17.247459372723963,-17.228335293684417
0.055,-17.247459372723963,-17.230073846324373
0.060,-17.247459372723963,-17.233268778692878
0.065,-17.247459372723963,-17.234360362849117
0.070,-17.247459372723963,-17.25904439093339
0.075,-17.247459372723963,-17.258272056386097
0.080,-17.247459372723963,-17.253050837262876
0.085,-17.247459372723963,-17.252721927584115
0.090,-17.247459372723963,-17.243855523082154
0.095,-17.247459372723963,-17.24404519937909
0.100,-17.247459372723963,-17.241575920434716
0.005,-15.353275301665533,-15.243450858933173
0.010,-15.353275301665533,-15.365860763304996
0.015,-15.353275301665533,-15.361665609425174
0.020,-15.353275301665533,-15.363533586831862
0.025,-15.353275301665533,-15.361481929798597
0.030,-15.353275301665533,-15.358664895879095
0.035,-15.353275301665533,-15.357894953848586
0.040,-15.353275301665533,-15.348042157777535
0.045,-15.353275301665533,-15.348623618209535
0.050,-15.353275301665533,-15.378250519222144
0.055,-15.353275301665533,-15.375980044898816
0.060,-15.353275301665533,-15.346783724275593
0.065,-15.353275301665533,-15.347283076382512
0.070,-15.353275301665533,-15.371660492635208
0.075,-15.353275301665533,-15.37043481323723
0.080,-15.353275301665533,-15.354169021036427
0.085,-15.353275301665533,-15.354116449308728
0.090,-15.353275301665533,-15.354111151893747
0.095,-15.353275301665533,-15.354067159776472
0.100,-15.353275301665533,-15.346994991540365
0.005,-14.775969467017209,-14.6582136521703
0.010,-14.775969467017209,-14.762755200720083
0.015,-14.775969467017209,-14.767159956152458
0.020,-14.775969467017209,-14.807549166173986
0.025,-14.775969467017209,-14.801233226342632
0.030,-14.775969467017209,-14.78075520237204
0.035,-14.775969467017209,-14.780071525892778
0.040,-14.775969467017209,-14.801064204393267
0.045,-14.775969467017209,-14.798275900240371
0.050,-14.775969467017209,-14.781167038670258
0.055,-14.775969467017209,-14.780694532156344
0.060,-14.775969467017209,-14.788033087520038
0.065,-14.775969467017209,-14.787105116712128
0.070,-14.775969467017209,-14.785984986357208
0.075,-14.775969467017209,-14.785317285067876
0.080,-14.775969467017209,-14.797049050635238
0.085,-14.775969467017209,-14.795809075128295
0.090,-14.775969467017209,-14.782179977249545
0.095,-14.775969467017209,-14.781853108289948
0.100,-14.775969467017209,-14.778868946013292
0.005,-15.02922071835633,-15.07773487672228
0.010,-15.02922071835633,-15.047112857468996
0.015,-15.02922071835633,-15.041148811098108
0.020,-15.02922071835633,-14.979263926242405
0.025,-15.02922071835633,-14.98925528466519
0.030,-15.02922071835633,-15.043868497359512
0.035,-15.02922071835633,-15.041775957501914
0.040,-15.02922071835633,-15.025281764362251
0.045,-15.02922071835633,-15.02571942591715
0.050,-15.02922071835633,-15.036182110416384
0.055,-15.02922071835633,-15.035549256592743
0.060,-15.02922071835633,-15.027274139407428
0.065,-15.02922071835633,-15.027423876249651
0.070,-15.02922071835633,-15.030706729617412
0.075,-15.02922071835633,-15.030607662200007
0.080,-15.02922071835633,-15.036059208979104
0.085,-15.02922071835633,-15.035656944824822
0.090,-15.02922071835633,-15.038721817555471
0.095,-15.02922071835633,-15.038221759702884
0.100,-15.02922071835633,-15.036644169145463
0.005,-14.588294529036828,-14.763570450446796
0.010,-14.588294529036828,-14.338273892366486
0.015,-14.588294529036828,-14.421614104589933
0.020,-14.588294529036828,-14.53269223487549
0.025,-14.588294529036828,-14.543812693707759
0.030,-14.588294529036828,-14.590160725291799
0.035,-14.588294529036828,-14.589894125826804
0.040,-14.588294529036828,-14.629605512736227
0.045,-14.588294529036828,-14.625015403436294
0.050,-14.588294529036828,-14.600651453709544
0.055,-14.588294529036828,-14.599528096921116
0.060,-14.588294529036828,-14.6232302474025
0.065,-14.588294529036828,-14.620542884451295
0.070,-14.588294529036828,-14.587091618611767
0.075,-14.588294529036828,-14.587171812640104
0.080,-14.588294529036828,-14.582458074032012
0.085,-14.588294529036828,-14.582801394914647
0.090,-14.588294529036828,-14.5837958638083
0.095,-14.588294529036828,-14.584032635662432
0.100,-14.588294529036828,-14.589165341639221
0.005,-12.915786030595813,-12.932285637799053
0.010,-12.915786030595813,-12.982002479532563
0.015,-12.915786030595813,-12.95993032988698
0.020,-12.915786030595813,-12.946335532320147
0.025,-12.915786030595813,-12.94022563197528
0.030,-12.915786030595813,-13.000834851870847
0.035,-12.915786030595813,-12.988685020260128
0.040,-12.915786030595813,-12.90539435073941
0.045,-12.915786030595813,-12.906548981834566
0.050,-12.915786030595813,-12.909853666040418
0.055,-12.915786030595813,-12.91039297190909
0.060,-12.915786030595813,-12.891718145005202
0.065,-12.915786030595813,-12.893569520819863
0.070,-12.915786030595813,-12.915957986983624
0.075,-12.915786030595813,-12.915946523224436
0.080,-12.915786030595813,-12.912570503873003
0.085,-12.915786030595813,-12.912759652503755
0.090,-12.915786030595813,-12.925448179442737
0.095,-12.915786030595813,-12.9249396452929
0.100,-12.915786030595813,-12.917930530662504
0.005,-12.504332531234065,-12.54507803250116
0.010,-12.504332531234065,-12.491177634111555
0.015,-12.504332531234065,-12.495562599819058
0.020,-12.504332531234065,-12.488743399617151
0.025,-12.504332531234065,-12.491861225940534
0.030,-12.504332531234065,-12.492572220307444
0.035,-12.504332531234065,-12.494252264725533
0.040,-12.504332531234065,-12.505701035561055
0.045,-12.504332531234065,-12.505548979524722
0.050,-12.504332531234065,-12.511258550642294
0.055,-12.504332531234065,-12.510628912514273
0.060,-12.504332531234065,-12.493857578529758
0.065,-12.504332531234065,-12.494663344122397
0.070,-12.504332531234065,-12.521791391700832
0.075,-12.504332531234065,-12.520627467669714
0.080,-12.504332531234065,-12.495777660172974
0.085,-12.504332531234065,-12.49628088788245
0.090,-12.504332531234065,-12.497452104891787
0.095,-12.504332531234065,-12.497814232594012
0.100,-12.504332531234065,-12.502074639436158
0.005,-12.400588878096164,-12.357581415278892
0.010,-12.400588878096164,-12.31100685337224
0.015,-12.400588878096164,-12.340867528280215
0.020,-12.400588878096164,-12.342153063442138
0.025,-12.400588878096164,-12.353840226372943
0.030,-12.400588878096164,-12.405450351303275
0.035,-12.400588878096164,-12.40475585513083
0.040,-12.400588878096164,-12.402016397079016
0.045,-12.400588878096164,-12.401857783858699
0.050,-12.400588878096164,-12.402405761015018
0.055,-12.400588878096164,-12.402240589840575
0.060,-12.400588878096164,-12.35371209725359
0.065,-12.400588878096164,-12.35731800347225
0.070,-12.400588878096164,-12.402811808659019
0.075,-12.400588878096164,-12.402663613288162
0.080,-12.400588878096164,-12.409968284598616
0.085,-12.400588878096164,-12.409416554804354
0.090,-12.400588878096164,-12.367352424801199
0.095,-12.400588878096164,-12.369101711816723
0.100,-12.400588878096164,-12.398384498175435
0.005,-13.196813789406583,-13.170511882755594
0.010,-13.196813789406583,-13.183662836081089
0.015,-13.196813789406583,-13.18362312415665
0.020,-13.196813789406583,-13.186920790469134
0.025,-13.196813789406583,-13.217236742391798
0.030,-13.196813789406583,-13.213832916894262
0.035,-13.196813789406583,-13.215426906341216
0.040,-13.196813789406583,-13.213100266724387
0.045,-13.196813789406583,-13.193873073130298
0.050,-13.196813789406583,-13.194167144757927
0.055,-13.196813789406583,-13.200073377747144
0.060,-13.196813789406583,-13.19980174538543
0.065,-13.196813789406583,-13.200997843854564
0.070,-13.196813789406583,-13.200698982822566
0.075,-13.196813789406583,-13.19900403143748
0.080,-13.196813789406583,-13.198867141310549
0.085,-13.196813789406583,-13.19552499719165
0.090,-13.196813789406583,-13.195596596759147
0.095,-13.196813789406583,-13.184702480362443
0.100,-13.196813789406583,-13.185308045814649
0.005,-14.549135601441241,-14.379071130106224
0.010,-14.549135601441241,-14.464103365773733
0.015,-14.549135601441241,-14.516521812706387
0.020,-14.549135601441241,-14.5246752598901
0.025,-14.549135601441241,-14.554109042369447
0.030,-14.549135601441241,-14.553280135548079
0.035,-14.549135601441241,-14.545247220305045
0.040,-14.549135601441241,-14.54573326794707
0.045,-14.549135601441241,-14.550031701549209
0.050,-14.549135601441241,-14.549942091538412
0.055,-14.549135601441241,-14.542312590516367
0.060,-14.549135601441241,-14.542881174760108
0.065,-14.549135601441241,-14.547657928291413
0.070,-14.549135601441241,-14.547763476373543
0.075,-14.549135601441241,-14.550037012351158
0.080,-14.549135601441241,-14.549980674169287
0.085,-14.549135601441241,-14.542125296274492
0.090,-14.549135601441241,-14.542514757672645
0.095,-14.549135601441241,-14.54923887468895
0.100,-14.549135601441241,-14.549233711026565
0.005,-15.260770824479389,-15.077112563914019
0.010,-15.260770824479389,-15.168941694196704
0.015,-15.260770824479389,-15.150399835932328
0.020,-15.260770824479389,-15.177992583069093
0.025,-15.260770824479389,-15.268889372017977
0.030,-15.260770824479389,-15.267536280761545
0.035,-15.260770824479389,-15.249840424199341
0.040,-15.260770824479389,-15.251206724234347
0.045,-15.260770824479389,-15.21245970389044
0.050,-15.260770824479389,-15.217290815949335
0.055,-15.260770824479389,-15.262634706724446
0.060,-15.260770824479389,-15.262479383204024
0.065,-15.260770824479389,-15.290658794320391
0.070,-15.260770824479389,-15.288523939331748
0.075,-15.260770824479389,-15.265064940221317
0.080,-15.260770824479389,-15.264796557987447
0.085,-15.260770824479389,-15.260292474190571
0.090,-15.260770824479389,-15.260319049206617
0.095,-15.260770824479389,-15.262778778203385
0.100,-15.260770824479389,-15.262678380517185
0.005,-14.264386666156671,-14.218603265674442
0.010,-14.264386666156671,-14.241494965915557
0.015,-14.264386666156671,-14.172964215720134
0.020,-14.264386666156671,-14.195819828329268
0.025,-14.264386666156671,-14.267015750169982
0.030,-14.264386666156671,-14.266577569501097
0.035,-14.264386666156671,-14.266079706903179
0.040,-14.264386666156671,-14.265868076809866
0.045,-14.264386666156671,-14.27815874859652
0.050,-14.264386666156671,-14.276781540352534
0.055,-14.264386666156671,-14.265044598163152
0.060,-14.264386666156671,-14.264989770495946
0.065,-14.264386666156671,-14.26325245892796
0.070,-14.264386666156671,-14.263333473730011
0.075,-14.264386666156671,-14.262351316260686
0.080,-14.264386666156671,-14.262478525629184
0.085,-14.264386666156671,-14.265318370570544
0.090,-14.264386666156671,-14.265266609214217
0.095,-14.264386666156671,-14.264340727847694
0.100,-14.264386666156671,-14.264343024763143
0.005,-13.86799204344841,-14.043075265162043
0.010,-13.86799204344841,-13.955533654305226
0.015,-13.86799204344841,-13.843816319404615
0.020,-13.86799204344841,-13.849860250415563
0.025,-13.86799204344841,-13.863339508576875
0.030,-13.86799204344841,-13.864114931055463
0.035,-13.86799204344841,-13.855726949664259
0.040,-13.86799204344841,-13.857260086387278
0.045,-13.86799204344841,-13.860585075472322
0.050,-13.86799204344841,-13.861325772269932
0.055,-13.86799204344841,-13.870011803232579
0.060,-13.86799204344841,-13.869843489917232
0.065,-13.86799204344841,-13.86890875894634
0.070,-13.86799204344841,-13.868843279267915
0.075,-13.86799204344841,-13.865722161154325
0.080,-13.86799204344841,-13.865864028797706
0.085,-13.86799204344841,-13.877590322316305
0.090,-13.86799204344841,-13.877057084601422
0.095,-13.86799204344841,-13.866209509881006
0.100,-13.86799204344841,-13.866298636559376
0.005,-14.057740779656214,-13.95561411286805
0.010,-14.057740779656214,-14.006677446262133
0.015,-14.057740779656214,-14.034636449090726
0.020,-14.057740779656214,-14.040412531732098
0.025,-14.057740779656214,-14.076236147623144
0.030,-14.057740779656214,-14.073153586295321
0.035,-14.057740779656214,-14.085486070047544
0.040,-14.057740779656214,-14.082017908748629
0.045,-14.057740779656214,-14.053332542826762
0.050,-14.057740779656214,-14.053773366509708
0.055,-14.057740779656214,-14.067933250535146
0.060,-14.057740779656214,-14.067083877961903
0.065,-14.057740779656214,-14.062360522149472
0.070,-14.057740779656214,-14.06203054054281
0.075,-14.057740779656214,-14.048389106942004
0.080,-14.057740779656214,-14.048973586486643
0.085,-14.057740779656214,-14.065589134719502
0.090,-14.057740779656214,-14.065153114993764
0.095,-14.057740779656214,-14.05847516596969
0.100,-14.057740779656214,-14.058438446654016
0.005,-13.897106955828779,-13.810668855342314
0.010,-13.897106955828779,-13.853887905585546
0.015,-13.897106955828779,-13.888524460553022
0.020,-13.897106955828779,-13.890670084371962
0.025,-13.897106955828779,-13.90301961193426
0.030,-13.897106955828779,-13.902034169250014
0.035,-13.897106955828779,-13.896163684891834
0.040,-13.897106955828779,-13.896281593758951
0.045,-13.897106955828779,-13.895429471031758
0.050,-13.897106955828779,-13.89559721951146
0.055,-13.897106955828779,-13.891587272419612
0.060,-13.897106955828779,-13.892047246037043
0.065,-13.897106955828779,-13.892332147555793
0.070,-13.897106955828779,-13.892673205289578
0.075,-13.897106955828779,-13.9073501496054
0.080,-13.897106955828779,-13.90670994999436
0.085,-13.897106955828779,-13.895001658081759
0.090,-13.897106955828779,-13.895118619067704
0.095,-13.897106955828779,-13.896948069733275
0.100,-13.897106955828779,-13.89695601403805
0.005,-12.830032096377067,-12.901183657734435
0.010,-12.830032096377067,-12.865607877055751
0.015,-12.830032096377067,-12.825021830072389
0.020,-12.830032096377067,-12.826274396648559
0.025,-12.830032096377067,-12.826774934817891
0.030,-12.830032096377067,-12.827317795077754
0.035,-12.830032096377067,-12.8477916382862
0.040,-12.830032096377067,-12.845571695547559
0.045,-12.830032096377067,-12.838761377760092
0.050,-12.830032096377067,-12.83788844962179
0.055,-12.830032096377067,-12.828542392792059
0.060,-12.830032096377067,-12.828666534757476
0.065,-12.830032096377067,-12.813150883399448
0.070,-12.830032096377067,-12.81435668432642
0.075,-12.830032096377067,-12.82980671340231
0.080,-12.830032096377067,-12.829820799838231
0.085,-12.830032096377067,-12.843404017397857
0.090,-12.830032096377067,-12.842661132896701
0.095,-12.830032096377067,-12.827034877833785
0.100,-12.830032096377067,-12.827184738760948
0.005,-12.481073083134989,-12.5324241455788
0.010,-12.481073083134989,-12.506748614356894
0.015,-12.481073083134989,-12.493119948027811
0.020,-12.481073083134989,-12.490108231804605
0.025,-12.481073083134989,-12.482327902378989
0.030,-12.481073083134989,-12.482118765838322
0.035,-12.481073083134989,-12.480560156234912
0.040,-12.481073083134989,-12.480624272097423
0.045,-12.481073083134989,-12.484309689306125
0.050,-12.481073083134989,-12.483986028689012
0.055,-12.481073083134989,-12.482402679622473
0.060,-12.481073083134989,-12.482291879915183
0.065,-12.481073083134989,-12.485872381465297
0.070,-12.481073083134989,-12.485529574441703
0.075,-12.481073083134989,-12.478782453196805
0.080,-12.481073083134989,-12.478925617567942
0.085,-12.481073083134989,-12.489545345871596
0.090,-12.481073083134989,-12.48907466460845
0.095,-12.481073083134989,-12.49059356848038
0.100,-12.481073083134989,-12.49011754421311
0.005,-12.39296052360974,-12.346832655796412
0.010,-12.39296052360974,-12.369896589703076
0.015,-12.39296052360974,-12.4189768398018
0.020,-12.39296052360974,-12.393330150982564
0.025,-12.39296052360974,-12.393256225507999
0.030,-12.39296052360974,-12.37784278577456
0.035,-12.39296052360974,-12.380002462608157
0.040,-12.39296052360974,-12.390949967364683
0.045,-12.39296052360974,-12.391173362503023
0.050,-12.39296052360974,-12.396703362024354
0.055,-12.39296052360974,-12.396363103986662
0.060,-12.39296052360974,-12.394000592069723
0.065,-12.39296052360974,-12.39392058680357
0.070,-12.39296052360974,-12.387215644349196
0.075,-12.39296052360974,-12.387598636299899
0.080,-12.39296052360974,-12.390939551878512
0.085,-12.39296052360974,-12.391058432568585
0.090,-12.39296052360974,-12.397537805532293
0.095,-12.39296052360974,-12.397296895957421
0.100,-12.39296052360974,-12.391364784015666
0.005,-12.851525143449155,-12.820607688813846
0.010,-12.851525143449155,-12.705564918430246
0.015,-12.851525143449155,-12.754218326769882
0.020,-12.851525143449155,-12.852230646057999
0.025,-12.851525143449155,-12.852089545536229
0.030,-12.851525143449155,-12.846183792057566
0.035,-12.851525143449155,-12.846946842256363
0.040,-12.851525143449155,-12.839623784673703
0.045,-12.851525143449155,-12.840946157870976
0.050,-12.851525143449155,-12.85320907549011
0.055,-12.851525143449155,-12.853055990759113
0.060,-12.851525143449155,-12.854005982413986
0.065,-12.851525143449155,-12.85381514864746
0.070,-12.851525143449155,-12.850019516899476
0.075,-12.851525143449155,-12.850119892002787
0.080,-12.851525143449155,-12.854490938817793
0.085,-12.851525143449155,-12.854316480266696
0.090,-12.851525143449155,-12.84836059466347
0.095,-12.851525143449155,-12.848527149862717
0.100,-12.851525143449155,-12.852841693357826
0.005,-13.826676004636786,-13.871358910627952
0.010,-13.826676004636786,-13.79445652435141
0.015,-13.826676004636786,-13.805196351113203
0.020,-13.826676004636786,-13.837013465473335
0.025,-13.826676004636786,-13.834945973306025
0.030,-13.826676004636786,-13.826829921731427
0.035,-13.826676004636786,-13.826807933575049
0.040,-13.826676004636786,-13.839745917355366
0.045,-13.826676004636786,-13.838293704831079
0.050,-13.826676004636786,-13.814108054358808
0.055,-13.826676004636786,-13.81525059529317
0.060,-13.826676004636786,-13.828845594266873
0.065,-13.826676004636786,-13.828678702756866
0.070,-13.826676004636786,-13.833114575874982
0.075,-13.826676004636786,-13.832685337792435
0.080,-13.826676004636786,-13.813172152882832
0.085,-13.826676004636786,-13.813966497103653
0.090,-13.826676004636786,-13.829947311167777
0.095,-13.826676004636786,-13.82977513713983
0.100,-13.826676004636786,-13.82536014159669
0.005,-14.414918054305431,-14.398497410485735
0.010,-14.414918054305431,-14.402786740303126
0.015,-14.414918054305431,-14.406830511637228
0.020,-14.414918054305431,-14.407262182595161
0.025,-14.414918054305431,-14.408793356937215
0.030,-14.414918054305431,-14.419915448644991
0.035,-14.414918054305431,-14.419201535167911
0.040,-14.414918054305431,-14.415185353652928
0.045,-14.414918054305431,-14.41515565372543
0.050,-14.414918054305431,-14.416811527053348
0.055,-14.414918054305431,-14.416639393167173
0.060,-14.414918054305431,-14.41397618171151
0.065,-14.414918054305431,-14.414048633449504
0.070,-14.414918054305431,-14.424136047565314
0.075,-14.414918054305431,-14.42352151468132
0.080,-14.414918054305431,-14.405289817024347
0.085,-14.414918054305431,-14.405856183923234
0.090,-14.414918054305431,-14.412517734763709
0.095,-14.414918054305431,-14.412644067371167
0.100,-14.414918054305431,-14.411487345969295
0.005,-13.80445524264063,-13.737801480681576
0.010,-13.80445524264063,-13.773357910323762
0.015,-13.80445524264063,-13.783723687762718
0.020,-13.80445524264063,-13.804975521129982
0.025,-13.80445524264063,-13.804871465432111
0.030,-13.80445524264063,-13.801858060210533
0.035,-13.80445524264063,-13.802229086271975
0.040,-13.80445524264063,-13.789204415621032
0.045,-13.80445524264063,-13.790898951956544
0.050,-13.80445524264063,-13.795010741573668
0.055,-13.80445524264063,-13.795869332579755
0.060,-13.80445524264063,-13.801304182116256
0.065,-13.80445524264063,-13.801546571387362
0.070,-13.80445524264063,-13.805856083013314
0.075,-13.80445524264063,-13.805762693655135
0.080,-13.80445524264063,-13.807153249966468
0.085,-13.80445524264063,-13.806994543653184
0.090,-13.80445524264063,-13.80540490090858
0.095,-13.80445524264063,-13.805354918894478
0.100,-13.80445524264063,-13.808256525924381
0.005,-13.468316095211108,-13.534017287770011
0.010,-13.468316095211108,-13.457028369591194
0.015,-13.468316095211108,-13.460790944797832
0.020,-13.468316095211108,-13.46384704013609
0.025,-13.468316095211108,-13.464740851151094
0.030,-13.468316095211108,-13.46984152419875
0.035,-13.468316095211108,-13.469623605771945
0.040,-13.468316095211108,-13.46329056216392
0.045,-13.468316095211108,-13.46384895472472
0.050,-13.468316095211108,-13.479637273972743
0.055,-13.468316095211108,-13.478608075903505
0.060,-13.468316095211108,-13.466780253559007
0.065,-13.468316095211108,-13.466898395224552
0.070,-13.468316095211108,-13.468449681802461
0.075,-13.468316095211108,-13.468440776029704
0.080,-13.468316095211108,-13.469945689519006
0.085,-13.468316095211108,-13.469849831030306
0.090,-13.468316095211108,-13.471377201533233
0.095,-13.468316095211108,-13.471216090674174
0.100,-13.468316095211108,-13.465055109649924
0.005,-13.602974436517783,-13.53951742019208
0.010,-13.602974436517783,-13.61529070647824
0.015,-13.602974436517783,-13.611185283158088
0.020,-13.602974436517783,-13.606272269731681
0.025,-13.602974436517783,-13.605612703088902
0.030,-13.602974436517783,-13.603524675505303
0.035,-13.602974436517783,-13.603446069935657
0.040,-13.602974436517783,-13.62045629521256
0.045,-13.602974436517783,-13.618513866468696
0.050,-13.602974436517783,-13.597793395371879
0.055,-13.602974436517783,-13.598264399112416
0.060,-13.602974436517783,-13.61278193425397
0.065,-13.602974436517783,-13.612027511351187
0.070,-13.602974436517783,-13.595259634555925
0.075,-13.602974436517783,-13.595773954686717
0.080,-13.602974436517783,-13.602311762927972
0.085,-13.602974436517783,-13.602350743727373
0.090,-13.602974436517783,-13.609565235851724
0.095,-13.602974436517783,-13.609218351676255
0.100,-13.602974436517783,-13.605313299248182
0.005,-13.554635067114093,-13.605874625615428
0.010,-13.554635067114093,-13.60077943455017
0.015,-13.554635067114093,-13.585397978738143
0.020,-13.554635067114093,-13.552575785830827
0.025,-13.554635067114093,-13.55298764208748
0.030,-13.554635067114093,-13.551210469287298
0.035,-13.554635067114093,-13.551699697548269
0.040,-13.554635067114093,-13.556124766443611
0.045,-13.554635067114093,-13.555959244295888
0.050,-13.554635067114093,-13.559585003542153
0.055,-13.554635067114093,-13.559135009321421
0.060,-13.554635067114093,-13.551189598427227
0.065,-13.554635067114093,-13.551454634480063
0.070,-13.554635067114093,-13.555378347503847
0.075,-13.554635067114093,-13.555328795477864
0.080,-13.554635067114093,-13.553934784479754
0.085,-13.554635067114093,-13.553975977575892
0.090,-13.554635067114093,-13.551819981879488
0.095,-13.554635067114093,-13.551968144260256
0.100,-13.554635067114093,-13.562487237005449
0.005,-12.78995451052838,-12.942971154565457
0.010,-12.78995451052838,-12.824124885719083
0.015,-12.78995451052838,-12.812734760655516
0.020,-12.78995451052838,-12.78031007733217
0.025,-12.78995451052838,-12.78223896397141
0.030,-12.78995451052838,-12.793940276855542
0.035,-12.78995451052838,-12.793370881665949
0.040,-12.78995451052838,-12.789189122777133
0.045,-12.78995451052838,-12.789274165860604
0.050,-12.78995451052838,-12.789615512799159
0.055,-12.78995451052838,-12.789646330774543
0.060,-12.78995451052838,-12.792379352802971
0.065,-12.78995451052838,-12.792192826474157
0.070,-12.78995451052838,-12.786392163939334
0.075,-12.78995451052838,-12.786629653711937
0.080,-12.78995451052838,-12.794016120960773
0.085,-12.78995451052838,-12.793777202700044
0.090,-12.78995451052838,-12.790363681845532
0.095,-12.78995451052838,-12.790342146513051
0.100,-12.78995451052838,-12.790328968737851
0.005,-12.46689998565417,-12.474201920738905
0.010,-12.46689998565417,-12.438601248694065
0.015,-12.46689998565417,-12.4480341610141
0.020,-12.46689998565417,-12.454955861022881
0.025,-12.46689998565417,-12.457344685949138
0.030,-12.46689998565417,-12.446224920871176
0.035,-12.46689998565417,-12.449178501554462
0.040,-12.46689998565417,-12.46775823392017
0.045,-12.46689998565417,-12.467662873001725
0.050,-12.46689998565417,-12.474038324117616
0.055,-12.46689998565417,-12.473389384257302
0.060,-12.46689998565417,-12.464327482799735
0.065,-12.46689998565417,-12.46452536763469
0.070,-12.46689998565417,-12.448721218382499
0.075,-12.46689998565417,-12.44993313620061
0.080,-12.46689998565417,-12.46414735057939
0.085,-12.46689998565417,-12.4658988006603
0.090,-12.46689998565417,-12.465954422048847
0.095,-12.46689998565417,-12.465446069185102
0.100,-12.46689998565417,-12.465518765008555
0.005,-12.391579450734014,-12.401398568496123
0.010,-12.391579450734014,-12.396489009615069
0.015,-12.391579450734014,-12.382509910267117
0.020,-12.391579450734014,-12.384777295383842
0.025,-12.391579450734014,-12.385118958264657
0.030,-12.391579450734014,-12.38619570700955
0.035,-12.391579450734014,-12.387785833458423
0.040,-12.391579450734014,-12.388260035617872
0.045,-12.391579450734014,-12.394970621620528
0.050,-12.391579450734014,-12.394631504531876
0.055,-12.391579450734014,-12.393375752765342
0.060,-12.391579450734014,-12.393226060929399
0.065,-12.391579450734014,-12.410095866759727
0.070,-12.391579450734014,-12.408773265615034
0.075,-12.391579450734014,-12.389472986413026
0.080,-12.391579450734014,-12.389604640433088
0.085,-12.391579450734014,-12.39043109467768
0.090,-12.391579450734014,-12.390494892236365
0.095,-12.391579450734014,-12.391123153710444
0.100,-12.391579450734014,-12.391145968561622
0.005,-12.673608475528297,-12.685292759522477
0.010,-12.673608475528297,-12.679450617525386
0.015,-12.673608475528297,-12.683822673431346
0.020,-12.673608475528297,-12.681269123955584
0.025,-12.673608475528297,-12.674176769304895
0.030,-12.673608475528297,-12.67408205367546
0.035,-12.673608475528297,-12.678114830096957
0.040,-12.673608475528297,-12.677551535775875
0.045,-12.673608475528297,-12.671707386824139
0.050,-12.673608475528297,-12.671897495694555
0.055,-12.673608475528297,-12.6624433691625
0.060,-12.673608475528297,-12.663373794692983
0.065,-12.673608475528297,-12.670582420104035
0.070,-12.673608475528297,-12.670798566920054
0.075,-12.673608475528297,-12.6739396950279
0.080,-12.673608475528297,-12.673918993809176
0.085,-12.673608475528297,-12.674402105241512
0.090,-12.673608475528297,-12.67435801470189
0.095,-12.673608475528297,-12.674575432066742
0.100,-12.673608475528297,-12.674527084239822
0.005,-13.435437981909846,-13.271561453963079
0.010,-13.435437981909846,-13.353499717936463
0.015,-13.435437981909846,-13.423519251705116
0.020,-13.435437981909846,-13.426498934256298
0.025,-13.435437981909846,-13.435379064513095
0.030,-13.435437981909846,-13.43538888407922
0.035,-13.435437981909846,-13.43998524085284
0.040,-13.435437981909846,-13.439416833484966
0.045,-13.435437981909846,-13.434080353883521
0.050,-13.435437981909846,-13.434216116686153
0.055,-13.435437981909846,-13.432959687067674
0.060,-13.435437981909846,-13.433166211637856
0.065,-13.435437981909846,-13.432480148108496
0.070,-13.435437981909846,-13.43269142195145
0.075,-13.435437981909846,-13.431404633463668
0.080,-13.435437981909846,-13.431656717741554
0.085,-13.435437981909846,-13.435478152300512
0.090,-13.435437981909846,-13.435475920612141
0.095,-13.435437981909846,-13.43886769922995
0.100,-13.435437981909846,-13.438696213363944
0.005,-13.930382165835844,-13.92186209029388
0.010,-13.930382165835844,-13.926122128064861
0.015,-13.930382165835844,-13.888048378767621
0.020,-13.930382165835844,-13.898631825534677
0.025,-13.930382165835844,-13.925282438909703
0.030,-13.930382165835844,-13.926132393397392
0.035,-13.930382165835844,-13.92438606133081
0.040,-13.930382165835844,-13.92513557439394
0.045,-13.930382165835844,-13.918656921424537
0.050,-13.930382165835844,-13.919829445865668
0.055,-13.930382165835844,-13.925695119077028
0.060,-13.930382165835844,-13.92608570630693
0.065,-13.930382165835844,-13.933020913809942
0.070,-13.930382165835844,-13.932832431811793
0.075,-13.930382165835844,-13.930546897447309
0.080,-13.930382165835844,-13.930536601721592
0.085,-13.930382165835844,-13.930400416347252
0.090,-13.930382165835844,-13.93039940242995
0.095,-13.930382165835844,-13.930228669577769
0.100,-13.930382165835844,-13.930236344390673
0.005,-13.552655116470188,-13.556487683722093
0.010,-13.552655116470188,-13.55457140009614
0.015,-13.552655116470188,-13.540718975327257
0.020,-13.552655116470188,-13.543703010612989
0.025,-13.552655116470188,-13.553279419672553
0.030,-13.552655116470188,-13.553175369138826
0.035,-13.552655116470188,-13.56140938425198
0.040,-13.552655116470188,-13.560315100779258
0.045,-13.552655116470188,-13.547542074416379
0.050,-13.552655116470188,-13.54805337862176
0.055,-13.552655116470188,-13.553690769736553
0.060,-13.552655116470188,-13.55360446529769
0.065,-13.552655116470188,-13.557601611719026
0.070,-13.552655116470188,-13.557248290629824
0.075,-13.552655116470188,-13.554296896107223
0.080,-13.552655116470188,-13.554194284879909
0.085,-13.552655116470188,-13.550437849564611
0.090,-13.552655116470188,-13.550561031059365
0.095,-13.552655116470188,-13.543726838490821
0.100,-13.552655116470188,-13.54417325238979
0.005,-13.240532823242404,-13.239316321643106
0.010,-13.240532823242404,-13.239924572442755
0.015,-13.240532823242404,-13.24205764761237
0.020,-13.240532823242404,-13.241676441519878
0.025,-13.240532823242404,-13.242513999077257
0.030,-13.240532823242404,-13.242183803104782
0.035,-13.240532823242404,-13.23827864653005
0.040,-13.240532823242404,-13.238560418619095
0.045,-13.240532823242404,-13.243711973754605
0.050,-13.240532823242404,-13.243394058703386
0.055,-13.240532823242404,-13.246508535542201
0.060,-13.240532823242404,-13.246010559517218
0.065,-13.240532823242404,-13.241770982594682
0.070,-13.240532823242404,-13.241682542640948
0.075,-13.240532823242404,-13.238773116012926
0.080,-13.240532823242404,-13.238883097714767
0.085,-13.240532823242404,-13.241388475924856
0.090,-13.240532823242404,-13.241340939664719
0.095,-13.240532823242404,-13.240846452557186
0.100,-13.240532823242404,-13.240830771091447
0.005,-13.333861854243542,-13.37438327793705
0.010,-13.333861854243542,-13.354122566090297
0.015,-13.333861854243542,-13.341169231688246
0.020,-13.333861854243542,-13.33934238732707
0.025,-13.333861854243542,-13.317989228463532
0.030,-13.333861854243542,-13.320634666093534
0.035,-13.333861854243542,-13.31704592261293
0.040,-13.333861854243542,-13.319147914066757
0.045,-13.333861854243542,-13.337531101905338
0.050,-13.333861854243542,-13.337164177139158
0.055,-13.333861854243542,-13.335000568948415
0.060,-13.333861854243542,-13.33490567605634
0.065,-13.333861854243542,-13.33279353956044
0.070,-13.333861854243542,-13.33286984775209
0.075,-13.333861854243542,-13.338532102256217
0.080,-13.333861854243542,-13.338240211755425
0.085,-13.333861854243542,-13.333259474013007
0.090,-13.333861854243542,-13.33329293958137
0.095,-13.333861854243542,-13.333660829781405
0.100,-13.333861854243542,-13.33367088100451
0.005,-13.34019659936238,-13.3251365603848
0.010,-13.34019659936238,-13.33266657987359
0.015,-13.34019659936238,-13.343966401790553
0.020,-13.34019659936238,-13.34302395118351
0.025,-13.34019659936238,-13.3423251586023
0.030,-13.34019659936238,-13.34197039872898
0.035,-13.34019659936238,-13.339967942643678
0.040,-13.34019659936238,-13.339996524733516
0.045,-13.34019659936238,-13.33865059365957
0.050,-13.34019659936238,-13.33880519422985
0.055,-13.34019659936238,-13.325964325343731
0.060,-13.34019659936238,-13.32715034817862
0.065,-13.34019659936238,-13.343318629542235
0.070,-13.34019659936238,-13.343095627386532
0.075,-13.34019659936238,-13.340135025365354
0.080,-13.34019659936238,-13.34013887374017
0.085,-13.34019659936238,-13.33926290885868
0.090,-13.34019659936238,-13.33931478055333
0.095,-13.34019659936238,-13.340433672589768
0.100,-13.34019659936238,-13.340421818928398
0.005,-12.766536702321465,-12.793021456530727
0.010,-12.766536702321465,-12.779779079426095
0.015,-12.766536702321465,-12.764297633320098
0.020,-12.766536702321465,-12.76485740057044
0.025,-12.766536702321465,-12.772035924651906
0.030,-12.766536702321465,-12.771119387596832
0.035,-12.766536702321465,-12.762082921859019
0.040,-12.766536702321465,-12.762639644416826
0.045,-12.766536702321465,-12.779549364609514
0.050,-12.766536702321465,-12.778248098380708
0.055,-12.766536702321465,-12.76693905638196
0.060,-12.766536702321465,-12.766905526876918
0.065,-12.766536702321465,-12.768520308371258
0.070,-12.766536702321465,-12.768378622224844
0.075,-12.766536702321465,-12.760908797119646
0.080,-12.766536702321465,-12.761260541194758
0.085,-12.766536702321465,-12.77464386239957
0.090,-12.766536702321465,-12.774193464617452
0.095,-12.766536702321465,-12.773955781414108
0.100,-12.766536702321465,-12.773584827459477
0.005,-12.459112298510508,-12.454852690240228
0.010,-12.459112298510508,-12.522724866808156
0.015,-12.459112298510508,-12.501520677375607
0.020,-12.459112298510508,-12.4701294566068
0.025,-12.459112298510508,-12.467926024987541
0.030,-12.459112298510508,-12.457189361866286
0.035,-12.459112298510508,-12.457464067101174
0.040,-12.459112298510508,-12.461777915436048
0.045,-12.459112298510508,-12.461481735777655
0.050,-12.459112298510508,-12.453539270249259
0.055,-12.459112298510508,-12.4540459091821
0.060,-12.459112298510508,-12.46177174505906
0.065,-12.459112298510508,-12.461567172247634
0.070,-12.459112298510508,-12.463532572224286
0.075,-12.459112298510508,-12.463237887310035
0.080,-12.459112298510508,-12.455674743811993
0.085,-12.459112298510508,-12.455876952911906
0.090,-12.459112298510508,-12.456320685408025
0.095,-12.459112298510508,-12.45646761241342
0.100,-12.459112298510508,-12.460235994403503
0.005,-12.20703125,-12.656509607196742
0.010,-12.20703125,-12.431770428598371
0.015,-12.20703125,-12.356857369065581
0.020,-12.20703125,-12.319400839299185
0.025,-12.20703125,-12.296926921439349
0.030,-12.20703125,-12.28194430953279
0.035,-12.20703125,-12.27124244388525
0.040,-12.20703125,-12.263216044649592
0.045,-12.20703125,-12.256973289688528
0.050,-12.20703125,-12.251979085719674
0.055,-12.20703125,-12.247892918836067
0.060,-12.20703125,-12.244487779766395
0.065,-12.20703125,-12.241606508245903
0.070,-12.20703125,-12.239136846942625
0.075,-12.20703125,-12.236996473813116
0.080,-12.20703125,-12.235123647324796
0.085,-12.20703125,-12.233471153364514
0.090,-12.20703125,-12.232002269844264
0.095,-12.20703125,-12.230688005641934
0.100,-12.20703125,-12.229505167859838
0.005,-19.23828125,-19.575390017897558
0.010,-19.23828125,-19.406835633948777
0.015,-19.23828125,-19.350650839299185
0.020,-19.23828125,-19.32255844197439
0.025,-19.23828125,-19.305703003579513
0.030,-19.23828125,-19.294466044649592
0.035,-19.23828125,-19.286439645413935
0.040,-19.23828125,-19.280419845987193
0.045,-19.23828125,-19.275737779766395
0.050,-19.23828125,-19.271992126789755
0.055,-19.23828125,-19.26892750162705
0.060,-19.23828125,-19.266373647324798
0.065,-19.23828125,-19.264212693684428
0.070,-19.23828125,-19.262360447706968
0.075,-19.23828125,-19.260755167859838
0.080,-19.23828125,-19.2593505479936
0.085,-19.23828125,-19.258111177523386
0.090,-19.23828125,-19.257009514883197
0.095,-19.23828125,-19.25602381673145
0.100,-19.23828125,-19.255136688394877
0.005,-36.1328125,-36.35755167859837
0.010,-36.1328125,-36.245182089299185
0.015,-36.1328125,-36.20772555953279
0.020,-36.1328125,-36.188997294649596
0.025,-36.1328125,-36.177760335719675
0.030,-36.1328125,-36.170269029766395
0.035,-36.1328125,-36.16491809694262
0.040,-36.1328125,-36.1609048973248
0.045,-36.1328125,-36.157783519844266
0.050,-36.1328125,-36.155286417859834
0.055,-36.1328125,-36.153243334418036
0.060,-36.1328125,-36.1515407648832
0.065,-36.1328125,-36.150100129122954
0.070,-36.1328125,-36.148865298471314
0.075,-36.1328125,-36.14779511190656
0.080,-36.1328125,-36.1468586986624
0.085,-36.1328125,-36.14603245168226
0.090,-36.1328125,-36.14529800992213
0.095,-36.1328125,-36.14464087782097
0.100,-36.1328125,-36.14404945892992
0.005,-31.8359375,-32.08876907592327
0.010,-31.8359375,-31.962353287961633
0.015,-31.8359375,-31.920214691974422
0.020,-31.8359375,-31.899145393980817
0.025,-31.8359375,-31.886503815184653
0.030,-31.8359375,-31.87807609598721
0.035,-31.8359375,-31.872056296560466
0.040,-31.8359375,-31.86754144699041
0.045,-31.8359375,-31.86402989732481
0.050,-31.8359375,-31.861220657592327
0.055,-31.8359375,-31.858922188720296
0.060,-31.8359375,-31.857006797993606
0.065,-31.8359375,-31.855386082763328
0.070,-31.8359375,-31.853996898280233
0.075,-31.8359375,-31.852792938394884
0.080,-31.8359375,-31.851739473495204
0.085,-31.8359375,-31.850809945642546
0.090,-31.8359375,-31.849983698662403
0.095,-31.8359375,-31.849244425048592
0.100,-31.8359375,-31.848579078796163
0.005,-23.33984375,-23.542109010738294
0.010,-23.33984375,-23.440976380369147
0.015,-23.33984375,-23.40726550357943
0.020,-23.33984375,-23.39041006518457
0.025,-23.33984375,-23.380296802147658
0.030,-23.33984375,-23.373554626789716
0.035,-23.33984375,-23.36873878724833
0.040,-23.33984375,-23.365126907592288
0.045,-23.33984375,-23.36231766785981
0.050,-23.33984375,-23.36007027607383
0.055,-23.33984375,-23.35823150097621
0.060,-23.33984375,-23.356699188394856
0.065,-23.33984375,-23.35540261621064
0.070,-23.33984375,-23.354291268624163
0.075,-23.33984375,-23.353328100715885
0.080,-23.33984375,-23.352485328796142
0.085,-23.33984375,-23.351741706514016
0.090,-23.33984375,-23.351080708929906
0.095,-23.33984375,-23.35048929003886
0.100,-23.33984375,-23.349957013036914
0.005,-18.359375,-18.546657648832245
0.010,-18.359375,-18.453016324416122
0.015,-18.359375,-18.42180254961075
0.020,-18.359375,-18.40619566220806
0.025,-18.359375,-18.396831529766448
0.030,-18.359375,-18.390588774805373
0.035,-18.359375,-18.386129664118894
0.040,-18.359375,-18.38278533110403
0.045,-18.359375,-18.380184183203582
0.050,-18.359375,-18.378103264883226
0.055,-18.359375,-18.376400695348387
0.060,-18.359375,-18.374981887402686
0.065,-18.359375,-18.373781357602482
0.070,-18.359375,-18.372752332059445
0.075,-18.359375,-18.37186050992215
0.080,-18.359375,-18.371080165552016
0.085,-18.359375,-18.370391626401897
0.090,-18.359375,-18.36977959160179
0.095,-18.359375,-18.369231981517487
0.100,-18.359375,-18.36873913244161
0.005,-18.84765625,-18.992131436241984
0.010,-18.84765625,-18.91989384312099
0.015,-18.84765625,-18.895814645413996
0.020,-18.84765625,-18.883775046560494
0.025,-18.84765625,-18.876551287248397
0.030,-18.84765625,-18.871735447706996
0.035,-18.84765625,-18.868295562320284
0.040,-18.84765625,-18.865715648280247
0.045,-18.84765625,-18.863709048471332
0.050,-18.84765625,-18.8621037686242
0.055,-18.84765625,-18.86079035784018
0.060,-18.84765625,-18.859695848853498
0.065,-18.84765625,-18.858769725864768
0.070,-18.84765625,-18.857975906160142
0.075,-18.84765625,-18.857287929082798
0.080,-18.84765625,-18.856685949140125
0.085,-18.84765625,-18.856154790367174
0.090,-18.84765625,-18.855682649235664
0.095,-18.84765625,-18.85526020717063
0.100,-18.84765625,-18.854880009312097
0.005,-16.40625,-16.532665787961434
0.010,-16.40625,-16.469457893980717
0.015,-16.40625,-16.448388595987144
0.020,-16.40625,-16.43785394699036
0.025,-16.40625,-16.431533157592288
0.030,-16.40625,-16.427319297993574
0.035,-16.40625,-16.424309398280204
0.040,-16.40625,-16.42205197349518
0.045,-16.40625,-16.42029619866238
0.050,-16.40625,-16.418891578796142
0.055,-16.40625,-16.417742344360132
0.060,-16.40625,-16.416784648996785
0.065,-16.40625,-16.415974291381648
0.070,-16.40625,-16.415279699140104
0.075,-16.40625,-16.414677719197428
0.080,-16.40625,-16.41415098674759
0.085,-16.40625,-16.413686222821262
0.090,-16.40625,-16.413273099331192
0.095,-16.40625,-16.412903462524287
0.100,-16.40625,-16.41257078939807
0.005,-13.671875,-13.784244589299185
0.010,-13.671875,-13.728059794649592
0.015,-13.671875,-13.709331529766395
0.020,-13.671875,-13.699967397324796
0.025,-13.671875,-13.694348917859838
0.030,-13.671875,-13.690603264883197
0.035,-13.671875,-13.687927798471312
0.040,-13.671875,-13.685921198662399
0.045,-13.671875,-13.684360509922131
0.050,-13.671875,-13.683111958929919
0.055,-13.671875,-13.682090417209016
0.060,-13.671875,-13.681239132441599
0.065,-13.671875,-13.680518814561475
0.070,-13.671875,-13.679901399235655
0.075,-13.671875,-13.679366305953279
0.080,-13.671875,-13.6788980993312
0.085,-13.671875,-13.678484975841128
0.090,-13.671875,-13.678117754961066
0.095,-13.671875,-13.677789188910483
0.100,-13.671875,-13.677493479464959
0.005,-12.6953125,-12.785208171439308
0.010,-12.6953125,-12.740260335719654
0.015,-12.6953125,-12.725277723813102
0.020,-12.6953125,-12.717786417859827
0.025,-12.6953125,-12.713291634287861
0.030,-12.6953125,-12.710295111906552
0.035,-12.6953125,-12.708154738777043
0.040,-12.6953125,-12.706549458929913
0.045,-12.6953125,-12.705300907937701
0.050,-12.6953125,-12.704302067143932
0.055,-12.6953125,-12.70348483376721
0.060,-12.6953125,-12.702803805953275
0.065,-12.6953125,-12.702227551649177
0.070,-12.6953125,-12.701733619388522
0.075,-12.6953125,-12.70130554476262
0.080,-12.6953125,-12.700930979464957
0.085,-12.6953125,-12.7006004806729
0.090,-12.6953125,-12.70030670396885
0.095,-12.6953125,-12.700043851128385
0.100,-12.6953125,-12.699807283571966
0.005,-12.40234375,-12.494282504881097
0.010,-12.40234375,-12.44831312744055
0.015,-12.40234375,-12.432990001627033
0.020,-12.40234375,-12.425328438720275
0.025,-12.40234375,-12.420731500976219
0.030,-12.40234375,-12.417666875813516
0.035,-12.40234375,-12.415477857840157
0.040,-12.40234375,-12.413836094360137
0.045,-12.40234375,-12.412559167209011
0.050,-12.40234375,-12.41153762548811
0.055,-12.40234375,-12.410701818625554
0.060,-12.40234375,-12.410005312906758
0.065,-12.40234375,-12.40941596191393
0.070,-12.40234375,-12.408910803920078
0.075,-12.40234375,-12.408473000325406
0.080,-12.40234375,-12.408089922180068
0.085,-12.40234375,-12.407751912051829
0.090,-12.40234375,-12.407451458604505
0.095,-12.40234375,-12.407182631835846
0.100,-12.40234375,-12.406940687744054
0.005,-13.4765625,-13.560839691974289
0.010,-13.4765625,-13.518701095987144
0.015,-13.4765625,-13.504654897324762
0.020,-13.4765625,-13.497631797993572
0.025,-13.4765625,-13.493417938394858
0.030,-13.4765625,-13.490608698662381
0.035,-13.4765625,-13.48860209885347
0.040,-13.4765625,-13.487097148996787
0.045,-13.4765625,-13.485926632441588
0.050,-13.4765625,-13.484990219197428
0.055,-13.4765625,-13.484224062906753
0.060,-13.4765625,-13.48358559933119
0.065,-13.4765625,-13.4830453609211
0.070,-13.4765625,-13.482582299426735
0.075,-13.4765625,-13.482180979464953
0.080,-13.4765625,-13.481829824498393
0.085,-13.4765625,-13.48151998188084
0.090,-13.4765625,-13.481244566220793
0.095,-13.4765625,-13.480998141682857
0.100,-13.4765625,-13.480776359598714
0.005,-15.234375,-15.30352551649193
0.010,-15.234375,-15.268950258245965
0.015,-15.234375,-15.257425172163977
0.020,-15.234375,-15.251662629122983
0.025,-15.234375,-15.248205103298385
0.030,-15.234375,-15.245900086081988
0.035,-15.234375,-15.244253645213133
0.040,-15.234375,-15.243018814561491
0.045,-15.234375,-15.242058390721326
0.050,-15.234375,-15.241290051649193
0.055,-15.234375,-15.240661410590176
0.060,-15.234375,-15.240137543040994
0.065,-15.234375,-15.23969427049938
0.070,-15.234375,-15.239314322606566
0.075,-15.234375,-15.238985034432796
0.080,-15.234375,-15.238696907280746
0.085,-15.234375,-15.238442677440702
0.090,-15.234375,-15.238216695360663
0.095,-15.234375,-15.238014500867996
0.100,-15.234375,-15.237832525824597
0.005,-17.1875,-17.251711193885193
0.010,-17.1875,-17.219605596942596
0.015,-17.1875,-17.208903731295063
0.020,-17.1875,-17.203552798471296
0.025,-17.1875,-17.20034223877704
0.030,-17.1875,-17.198201865647533
0.035,-17.1875,-17.196673027697884
0.040,-17.1875,-17.19552639923565
0.045,-17.1875,-17.194634577098356
0.050,-17.1875,-17.19392111938852
0.055,-17.1875,-17.19333738126229
0.060,-17.1875,-17.192850932823767
0.065,-17.1875,-17.192439322606553
0.070,-17.1875,-17.192086513848942
0.075,-17.1875,-17.191780746259013
0.080,-17.1875,-17.191513199617823
0.085,-17.1875,-17.19127712905207
0.090,-17.1875,-17.191067288549178
0.095,-17.1875,-17.190879536520274
0.100,-17.1875,-17.19071055969426
0.005,-14.6484375,-14.708367947626206
0.010,-14.6484375,-14.678402723813102
0.015,-14.6484375,-14.668414315875403
0.020,-14.6484375,-14.663420111906552
0.025,-14.6484375,-14.66042358952524
0.030,-14.6484375,-14.658425907937701
0.035,-14.6484375,-14.65699899251803
0.040,-14.6484375,-14.655928805953275
0.045,-14.6484375,-14.655096438625135
0.050,-14.6484375,-14.65443054476262
0.055,-14.6484375,-14.653885722511474
0.060,-14.6484375,-14.65343170396885
0.065,-14.6484375,-14.653047534432785
0.070,-14.6484375,-14.652718246259015
0.075,-14.6484375,-14.65243286317508
0.080,-14.6484375,-14.652183152976638
0.085,-14.6484375,-14.6519628204486
0.090,-14.6484375,-14.651766969312567
0.095,-14.6484375,-14.65159173408559
0.100,-14.6484375,-14.651434022381311
0.005,-13.4765625,-13.532747294649592
0.010,-13.4765625,-13.504654897324796
0.015,-13.4765625,-13.495290764883197
0.020,-13.4765625,-13.490608698662399
0.025,-13.4765625,-13.487799458929919
0.030,-13.4765625,-13.485926632441599
0.035,-13.4765625,-13.484588899235655
0.040,-13.4765625,-13.4835855993312
0.045,-13.4765625,-13.482805254961066
0.050,-13.4765625,-13.482180979464959
0.055,-13.4765625,-13.481670208604509
0.060,-13.4765625,-13.4812445662208
0.065,-13.4765625,-13.480884407280739
0.070,-13.4765625,-13.480575699617829
0.075,-13.4765625,-13.48030815297664
0.080,-13.4765625,-13.4800740496656
0.085,-13.4765625,-13.479867487920565
0.090,-13.4765625,-13.479683877480532
0.095,-13.4765625,-13.479519594455242
0.100,-13.4765625,-13.47937173973248
0.005,-14.94140625,-14.994286056729088
0.010,-14.94140625,-14.967846153364544
0.015,-14.94140625,-14.959032852243029
0.020,-14.94140625,-14.954626201682272
0.025,-14.94140625,-14.951982211345818
0.030,-14.94140625,-14.950219551121515
0.035,-14.94140625,-14.948960508104156
0.040,-14.94140625,-14.948016225841135
0.045,-14.94140625,-14.94728178408101
0.050,-14.94140625,-14.94669423067291
0.055,-14.94140625,-14.94621350515719
0.060,-14.94140625,-14.945812900560757
0.065,-14.94140625,-14.945473927440698
0.070,-14.94140625,-14.945183379052077
0.075,-14.94140625,-14.944931570448606
0.080,-14.94140625,-14.944711237920568
0.085,-14.94140625,-14.944516826866417
0.090,-14.94140625,-14.944344017040505
0.095,-14.94140625,-14.944189397722583
0.100,-14.94140625,-14.944050240336454
0.005,-13.671875,-13.715574284727417
0.010,-13.671875,-13.693724642363708
0.015,-13.671875,-13.686441428242473
0.020,-13.671875,-13.682799821181854
0.025,-13.671875,-13.680614856945484
0.030,-13.671875,-13.679158214121236
0.035,-13.671875,-13.67811775496106
0.040,-13.671875,-13.677337410590926
0.045,-13.671875,-13.676730476080824
0.050,-13.671875,-13.676244928472741
0.055,-13.671875,-13.675847662247946
0.060,-13.671875,-13.675516607060619
0.065,-13.671875,-13.675236483440571
0.070,-13.671875,-13.67499637748053
0.075,-13.671875,-13.674788285648495
0.080,-13.671875,-13.674606205295463
0.085,-13.671875,-13.674445546160436
0.090,-13.671875,-13.674302738040412
0.095,-13.671875,-13.674174962354074
0.100,-13.671875,-13.67405996423637
0.005,-13.28125,-13.316735133463006
0.010,-13.28125,-13.298992566731503
0.015,-13.28125,-13.293078377821002
0.020,-13.28125,-13.290121283365751
0.025,-13.28125,-13.288347026692602
0.030,-13.28125,-13.2871641889105
0.035,-13.28125,-13.286319304780429
0.040,-13.28125,-13.285685641682877
0.045,-13.28125,-13.285192792607
0.050,-13.28125,-13.284798513346301
0.055,-13.28125,-13.28447592122391
0.060,-13.28125,-13.284207094455251
0.065,-13.28125,-13.283979625651
0.070,-13.28125,-13.283784652390215
0.075,-13.28125,-13.283615675564201
0.080,-13.28125,-13.283467820841437
0.085,-13.28125,-13.283337360791942
0.090,-13.28125,-13.2832213963035
0.095,-13.28125,-13.283117638603317
0.100,-13.28125,-13.28302425667315
0.005,-12.6953125,-12.734641856254534
0.010,-12.6953125,-12.714977178127267
0.015,-12.6953125,-12.708422285418179
0.020,-12.6953125,-12.705144839063633
0.025,-12.6953125,-12.703178371250907
0.030,-12.6953125,-12.701867392709088
0.035,-12.6953125,-12.700930979464934
0.040,-12.6953125,-12.700228669531818
0.045,-12.6953125,-12.699682428472727
0.050,-12.6953125,-12.699245435625453
0.055,-12.6953125,-12.69888789602314
0.060,-12.6953125,-12.698589946354545
0.065,-12.6953125,-12.698337835096503
0.070,-12.6953125,-12.698121739732466
0.075,-12.6953125,-12.697934457083635
0.080,-12.6953125,-12.697770584765909
0.085,-12.6953125,-12.697625991544385
0.090,-12.6953125,-12.697497464236363
0.095,-12.6953125,-12.69738246611866
0.100,-12.6953125,-12.697278967812727
0.005,-12.40234375,-12.455853078237727
0.010,-12.40234375,-12.429098414118863
0.015,-12.40234375,-12.420180192745908
0.020,-12.40234375,-12.41572108205943
0.025,-12.40234375,-12.413045615647546
0.030,-12.40234375,-12.411261971372955
0.035,-12.40234375,-12.409987939748246
0.040,-12.40234375,-12.409032416029715
0.045,-12.40234375,-12.408289230915303
0.050,-12.40234375,-12.407694682823772
0.055,-12.40234375,-12.407208234385248
0.060,-12.40234375,-12.406802860686478
0.065,-12.40234375,-12.406459852172134
0.070,-12.40234375,-12.406165844874124
0.075,-12.40234375,-12.405911038549181
0.080,-12.40234375,-12.405688083014859
0.085,-12.40234375,-12.405491357543395
0.090,-12.40234375,-12.405316490457652
0.095,-12.40234375,-12.405160030433565
0.100,-12.40234375,-12.405019216411887
0.005,-12.98828125,-13.034250627440448
0.010,-12.98828125,-13.011265938720225
0.015,-12.98828125,-13.003604375813483
0.020,-12.98828125,-12.999773594360112
0.025,-12.98828125,-12.997475125488089
0.030,-12.98828125,-12.995942812906742
0.035,-12.98828125,-12.994848303920064
0.040,-12.98828125,-12.994027422180055
0.045,-12.98828125,-12.993388958604495
0.050,-12.98828125,-12.992878187744045
0.055,-12.98828125,-12.992460284312768
0.060,-12.98828125,-12.99211203145337
0.065,-12.98828125,-12.991817355956957
0.070,-12.98828125,-12.991564776960033
0.075,-12.98828125,-12.991345875162697
0.080,-12.98828125,-12.991154336090029
0.085,-12.98828125,-12.99098533102591
0.090,-12.98828125,-12.990835104302247
0.095,-12.98828125,-12.990700690917919
0.100,-12.98828125,-12.990579718872022
0.005,-13.4765625,-13.520533208856168
0.010,-13.4765625,-13.498547854428084
0.015,-13.4765625,-13.491219402952057
0.020,-13.4765625,-13.487555177214041
0.025,-13.4765625,-13.485356641771233
0.030,-13.4765625,-13.483890951476027
0.035,-13.4765625,-13.482844029836595
0.040,-13.4765625,-13.48205883860702
0.045,-13.4765625,-13.481448134317352
0.050,-13.4765625,-13.480959570885616
0.055,-13.4765625,-13.480559837168743
0.060,-13.4765625,-13.480226725738014
0.065,-13.4765625,-13.479944862219705
0.070,-13.4765625,-13.479703264918298
0.075,-13.4765625,-13.479493880590411
0.080,-13.4765625,-13.47931066930351
0.085,-13.4765625,-13.479149012285657
0.090,-13.4765625,-13.479005317158675
0.095,-13.4765625,-13.478876747834535
0.100,-13.4765625,-13.478761035442808
0.005,-14.16015625,-14.202294845987144
0.010,-14.16015625,-14.181225547993572
0.015,-14.16015625,-14.174202448662381
0.020,-14.16015625,-14.170690898996787
0.025,-14.16015625,-14.168583969197428
0.030,-14.16015625,-14.16717934933119
0.035,-14.16015625,-14.166176049426735
0.040,-14.16015625,-14.165423574498393
0.045,-14.16015625,-14.164838316220793
0.050,-14.16015625,-14.164370109598714
0.055,-14.16015625,-14.163987031453377
0.060,-14.16015625,-14.163667799665596
0.065,-14.16015625,-14.16339768046055
0.070,-14.16015625,-14.163166149713367
0.075,-14.16015625,-14.162965489732477
0.080,-14.16015625,-14.162789912249197
0.085,-14.16015625,-14.16263499094042
0.090,-14.16015625,-14.162497283110397
0.095,-14.16015625,-14.162374070841429
0.100,-14.16015625,-14.162263179799357
0.005,-13.4765625,-13.512520768575722
0.010,-13.4765625,-13.494541634287861
0.015,-13.4765625,-13.48854858952524
0.020,-13.4765625,-13.485552067143932
0.025,-13.4765625,-13.483754153715145
0.030,-13.4765625,-13.48255554476262
0.035,-13.4765625,-13.481699395510818
0.040,-13.4765625,-13.481057283571966
0.045,-13.4765625,-13.48055786317508
0.050,-13.4765625,-13.480158326857572
0.055,-13.4765625,-13.479831433506885
0.060,-13.4765625,-13.479559022381311
0.065,-13.4765625,-13.47932852065967
0.070,-13.4765625,-13.479130947755408
0.075,-13.4765625,-13.478959717905049
0.080,-13.4765625,-13.478809891785982
0.085,-13.4765625,-13.47867769226916
0.090,-13.4765625,-13.47856018158754
0.095,-13.4765625,-13.478455040451355
0.100,-13.4765625,-13.478360413428787
0.005,-13.0859375,-13.12483466552661
0.010,-13.0859375,-13.105386082763305
0.015,-13.0859375,-13.098903221842203
0.020,-13.0859375,-13.095661791381653
0.025,-13.0859375,-13.093716933105322
0.030,-13.0859375,-13.092420360921102
0.035,-13.0859375,-13.091494237932373
0.040,-13.0859375,-13.090799645690826
0.045,-13.0859375,-13.090259407280735
0.050,-13.0859375,-13.089827216552662
0.055,-13.0859375,-13.089473605956965
0.060,-13.0859375,-13.089178930460552
0.065,-13.0859375,-13.088929589655892
0.070,-13.0859375,-13.088715868966187
0.075,-13.0859375,-13.08853064436844
0.080,-13.0859375,-13.088368572845413
0.085,-13.0859375,-13.08822556856039
0.090,-13.0859375,-13.088098453640367
0.095,-13.0859375,-13.087984719238243
0.100,-13.0859375,-13.08788235827633
0.005,-13.4765625,-13.509857193125736
0.010,-13.4765625,-13.493209846562868
0.015,-13.4765625,-13.487660731041911
0.020,-13.4765625,-13.484886173281435
0.025,-13.4765625,-13.483221438625147
0.030,-13.4765625,-13.482111615520957
0.035,-13.4765625,-13.481318884732248
0.040,-13.4765625,-13.480724336640717
0.045,-13.4765625,-13.480261910347304
0.050,-13.4765625,-13.479891969312574
0.055,-13.4765625,-13.479589290284158
0.060,-13.4765625,-13.479337057760478
0.065,-13.4765625,-13.47912363024044
0.070,-13.4765625,-13.478940692366123
0.075,-13.4765625,-13.478782146208383
0.080,-13.4765625,-13.478643418320358
0.085,-13.4765625,-13.478521011360337
0.090,-13.4765625,-13.478412205173653
0.095,-13.4765625,-13.478314852269776
0.100,-13.4765625,-13.478227234656288
0.005,-13.37890625,-13.411011846942596
0.010,-13.37890625,-13.394959048471298
0.015,-13.37890625,-13.389608115647532
0.020,-13.37890625,-13.386932649235648
0.025,-13.37890625,-13.38532736938852
0.030,-13.37890625,-13.384257182823767
0.035,-13.37890625,-13.383492763848942
0.040,-13.37890625,-13.382919449617825
0.045,-13.37890625,-13.382473538549178
0.050,-13.37890625,-13.38211680969426
0.055,-13.37890625,-13.381824940631144
0.060,-13.37890625,-13.381581716411883
0.065,-13.37890625,-13.381375911303277
0.070,-13.37890625,-13.381199506924471
0.075,-13.37890625,-13.381046623129507
0.080,-13.37890625,-13.380912849808912
0.085,-13.37890625,-13.380794814526036
0.090,-13.37890625,-13.380689894274589
0.095,-13.37890625,-13.380596018260137
0.100,-13.37890625,-13.38051152984713
0.005,-13.18359375,-13.218467070817036
0.010,-13.18359375,-13.201030410408519
0.015,-13.18359375,-13.195218190272346
0.020,-13.18359375,-13.192312080204259
0.025,-13.18359375,-13.190568414163407
0.030,-13.18359375,-13.189405970136173
0.035,-13.18359375,-13.188575652973862
0.040,-13.18359375,-13.18795291510213
0.045,-13.18359375,-13.187468563424115
0.050,-13.18359375,-13.183538129489607
0.055,-13.18359375,-13.183543185899643
0.060,-13.18359375,-13.183547399574673
0.065,-13.18359375,-13.183550964992005
0.070,-13.18359375,-13.183554021064005
0.075,-13.18359375,-13.183556669659739
0.080,-13.18359375,-13.183558987181005
0.085,-13.18359375,-13.18356103205271
0.090,-13.18359375,-13.183562849716449
0.095,-13.18359375,-13.183564476047161
0.100,-13.18359375,-13.183565939744804
0.005,-12.59765625,-12.597118585066207
0.010,-12.59765625,-12.597387417533103
0.015,-12.59765625,-12.597477028355403
0.020,-12.59765625,-12.597521833766551
0.025,-12.59765625,-12.597548717013241
0.030,-12.59765625,-12.597566639177701
0.035,-12.59765625,-12.597579440723743
0.040,-12.59765625,-12.597589041883277
0.045,-12.59765625,-12.597596509451801
0.050,-12.59765625,-12.59760248350662
0.055,-12.59765625,-12.597607371369655
0.060,-12.59765625,-12.59761144458885
0.065,-12.59765625,-12.597614891158939
0.070,-12.59765625,-12.597617845361873
0.075,-12.59765625,-12.59762040567108
0.080,-12.59765625,-12.597622645941637
0.085,-12.59765625,-12.597624622650953
0.090,-12.59765625,-12.5976263797259
0.095,-12.59765625,-12.59762795184559
0.100,-12.59765625,-12.59762936675331
0.005,-12.40234375,-12.401534361927622
0.010,-12.40234375,-12.40193905596381
0.015,-12.40234375,-12.402073953975874
0.020,-12.40234375,-12.402141402981906
0.025,-12.40234375,-12.402181872385524
0.030,-12.40234375,-12.402208851987936
0.035,-12.40234375,-12.402228123132517
0.040,-12.40234375,-12.402242576490952
0.045,-12.40234375,-12.402253817991959
0.050,-12.40234375,-12.402262811192761
0.055,-12.40234375,-12.402270169266147
0.060,-12.40234375,-12.402276300993968
0.065,-12.40234375,-12.402281489379048
0.070,-12.40234375,-12.402285936566258
0.075,-12.40234375,-12.402289790795175
0.080,-12.40234375,-12.402293163245476
0.085,-12.40234375,-12.402296138936919
0.090,-12.40234375,-12.40229878399598
0.095,-12.40234375,-12.40230115062777
0.100,-12.40234375,-12.402303280596382
0.005,-12.79296875,-12.792464689124566
0.010,-12.79296875,-12.792716719562284
0.015,-12.79296875,-12.792800729708189
0.020,-12.79296875,-12.792842734781141
0.025,-12.79296875,-12.792867937824914
0.030,-12.79296875,-12.792884739854095
0.035,-12.79296875,-12.79289674130351
0.040,-12.79296875,-12.792905742390571
0.045,-12.79296875,-12.792912743236062
0.050,-12.79296875,-12.792918343912456
0.055,-12.79296875,-12.792922926284051
0.060,-12.79296875,-12.792926744927048
0.065,-12.79296875,-12.792929976086505
0.070,-12.79296875,-12.792932745651754
0.075,-12.79296875,-12.792935145941637
0.080,-12.79296875,-12.792937246195285
0.085,-12.79296875,-12.792939099360268
0.090,-12.79296875,-12.792940746618031
0.095,-12.79296875,-12.79294222048024
0.100,-12.79296875,-12.792943546956229
0.005,-13.28125,-13.28076121369655
0.010,-13.28125,-13.281005606848275
0.015,-13.28125,-13.281087071232184
0.020,-13.28125,-13.281127803424138
0.025,-13.28125,-13.28115224273931
0.030,-13.28125,-13.281168535616091
0.035,-13.28125,-13.281180173385222
0.040,-13.28125,-13.281188901712069
0.045,-13.28125,-13.281195690410728
0.050,-13.28125,-13.281201121369655
0.055,-13.28125,-13.281205564881505
0.060,-13.28125,-13.281209267808046
0.065,-13.28125,-13.281212401053581
0.070,-13.28125,-13.28121508669261
0.075,-13.28125,-13.281217414246436
0.080,-13.28125,-13.281219450856035
0.085,-13.28125,-13.281221247864503
0.090,-13.28125,-13.281222845205363
0.095,-13.28125,-13.281224274405082
0.100,-13.28125,-13.281225560684828
0.005,-13.4765625,-13.476035377515888
0.010,-13.4765625,-13.476298938757944
0.015,-13.4765625,-13.476386792505297
0.020,-13.4765625,-13.476430719378971
0.025,-13.4765625,-13.476457075503177
0.030,-13.4765625,-13.476474646252647
0.035,-13.4765625,-13.476487196787984
0.040,-13.4765625,-13.476496609689486
0.045,-13.4765625,-13.476503930835099
0.050,-13.4765625,-13.476509787751588
0.055,-13.4765625,-13.476514579774172
0.060,-13.4765625,-13.476518573126324
0.065,-13.4765625,-13.476521952116606
0.070,-13.4765625,-13.476524848393993
0.075,-13.4765625,-13.476527358501059
0.080,-13.4765625,-13.476529554844744
0.085,-13.4765625,-13.476531492795052
0.090,-13.4765625,-13.476533215417549
0.095,-13.4765625,-13.476534756711363
0.100,-13.4765625,-13.476536143875794
0.005,-13.28125,-13.280789144342462
0.010,-13.28125,-13.281019572171232
0.015,-13.28125,-13.281096381447487
0.020,-13.28125,-13.281134786085616
0.025,-13.28125,-13.281157828868492
0.030,-13.28125,-13.281173190723743
0.035,-13.28125,-13.281184163477494
0.040,-13.28125,-13.281192393042808
0.045,-13.28125,-13.281198793815829
0.050,-13.28125,-13.281203914434247
0.055,-13.28125,-13.281208104031133
0.060,-13.28125,-13.281211595361873
0.065,-13.28125,-13.281214549564805
0.070,-13.28125,-13.281217081738747
0.075,-13.28125,-13.281219276289498
0.080,-13.28125,-13.281221196521404
0.085,-13.28125,-13.281222890843674
0.090,-13.28125,-13.281224396907914
0.095,-13.28125,-13.281225744439077
0.100,-13.28125,-13.281226957217124
0.005,-12.890625,-12.889928026937675
0.010,-12.890625,-12.890276513468837
0.015,-12.890625,-12.890392675645892
0.020,-12.890625,-12.890450756734419
0.025,-12.890625,-12.890485605387536
0.030,-12.890625,-12.890508837822946
0.035,-12.890625,-12.890525432419668
0.040,-12.890625,-12.89053787836721
0.045,-12.890625,-12.890547558548631
0.050,-12.890625,-12.890555302693768
0.055,-12.890625,-12.890561638812516
0.060,-12.890625,-12.890566918911473
0.065,-12.890625,-12.890571386687514
0.070,-12.890625,-12.890575216209834
0.075,-12.890625,-12.890578535129178
0.080,-12.890625,-12.890581439183604
0.085,-12.890625,-12.89058400158457
0.090,-12.890625,-12.890586279274315
0.095,-12.890625,-12.890588317207246
0.100,-12.890625,-12.890590151346883
0.005,-13.28125,-13.280814055459087
0.010,-13.28125,-13.281032027729545
0.015,-13.28125,-13.281104685153029
0.020,-13.28125,-13.281141013864772
0.025,-13.28125,-13.281162811091818
0.030,-13.28125,-13.281177342576514
0.035,-13.28125,-13.281187722208442
0.040,-13.28125,-13.281195506932386
0.045,-13.28125,-13.281201561717676
0.050,-13.28125,-13.281206405545909
0.055,-13.28125,-13.2812103686781
0.060,-13.28125,-13.281213671288258
0.065,-13.28125,-13.281216465804546
0.070,-13.28125,-13.28121886110422
0.075,-13.28125,-13.281220937030605
0.080,-13.28125,-13.281222753466192
0.085,-13.28125,-13.281224356203476
0.090,-13.28125,-13.281225780858838
0.095,-13.28125,-13.281227055550477
0.100,-13.28125,-13.281228202772954
0.005,-13.28125,-13.280825527683847
0.010,-13.28125,-13.281037763841924
0.015,-13.28125,-13.281108509227948
0.020,-13.28125,-13.281143881920961
0.025,-13.28125,-13.28116510553677
0.030,-13.28125,-13.281179254613974
0.035,-13.28125,-13.281189361097692
0.040,-13.28125,-13.28119694096048
0.045,-13.28125,-13.281202836409316
0.050,-13.28125,-13.281207552768384
0.055,-13.28125,-13.281211411607622
0.060,-13.28125,-13.281214627306987
0.065,-13.28125,-13.281217348283374
0.070,-13.28125,-13.281219680548846
0.075,-13.28125,-13.28122170184559
0.080,-13.28125,-13.28122347048024
0.085,-13.28125,-13.281225031040226
0.090,-13.28125,-13.281226418204659
0.095,-13.28125,-13.281227659351782
0.100,-13.28125,-13.281228776384193
0.005,-12.98828125,-12.987867661589389
0.010,-12.98828125,-12.988074455794694
0.015,-12.98828125,-12.988143387196462
0.020,-12.98828125,-12.988177852897348
0.025,-12.98828125,-12.988198532317877
0.030,-12.98828125,-12.988212318598231
0.035,-12.98828125,-12.988222165941341
0.040,-12.98828125,-12.988229551448674
0.045,-12.98828125,-12.988235295732155
0.050,-12.98828125,-12.988239891158939
0.055,-12.98828125,-12.988243651053581
0.060,-12.98828125,-12.988246784299116
0.065,-12.98828125,-12.988249435506876
0.070,-12.98828125,-12.98825170797067
0.075,-12.98828125,-12.988253677439292
0.080,-12.98828125,-12.988255400724336
0.085,-12.98828125,-12.988256921269963
0.090,-12.98828125,-12.988258272866076
0.095,-12.98828125,-12.988259482188916
0.100,-12.98828125,-12.98826057057947
0.005,-12.59765625,-12.597297806710804
0.010,-12.59765625,-12.597477028355401
0.015,-12.59765625,-12.597536768903602
0.020,-12.59765625,-12.597566639177701
0.025,-12.59765625,-12.597584561342162
0.030,-12.59765625,-12.597596509451801
0.035,-12.59765625,-12.597605043815829
0.040,-12.59765625,-12.59761144458885
0.045,-12.59765625,-12.597616422967867
0.050,-12.59765625,-12.59762040567108
0.055,-12.59765625,-12.597623664246436
0.060,-12.59765625,-12.5976263797259
0.065,-12.59765625,-12.597628677439292
0.070,-12.59765625,-12.597630646907914
0.075,-12.59765625,-12.597632353780721
0.080,-12.59765625,-12.597633847294425
0.085,-12.59765625,-12.597635165100636
0.090,-12.59765625,-12.597636336483934
0.095,-12.59765625,-12.597637384563727
0.100,-12.59765625,-12.59763832783554
0.005,-12.40234375,-12.401906624037567
0.010,-12.40234375,-12.402125187018783
0.015,-12.40234375,-12.402198041345855
0.020,-12.40234375,-12.402234468509391
0.025,-12.40234375,-12.402256324807514
0.030,-12.40234375,-12.402270895672928
0.035,-12.40234375,-12.402281303433938
0.040,-12.40234375,-12.402289109254696
0.045,-12.40234375,-12.402295180448618
0.050,-12.40234375,-12.402300037403757
0.055,-12.40234375,-12.402304011276142
0.060,-12.40234375,-12.402307322836464
0.065,-12.40234375,-12.402310124925966
0.070,-12.40234375,-12.402312526716969
0.075,-12.40234375,-12.40231460826917
0.080,-12.40234375,-12.402316429627348
0.085,-12.40234375,-12.402318036708092
0.090,-12.40234375,-12.40231946522431
0.095,-12.40234375,-12.402320743370398
0.100,-12.40234375,-12.402321893701878
0.005,-12.6953125,-12.694928453618719
0.010,-12.6953125,-12.69512047680936
0.015,-12.6953125,-12.695184484539572
0.020,-12.6953125,-12.695216488404679
0.025,-12.6953125,-12.695235690723743
0.030,-12.6953125,-12.695248492269787
0.035,-12.6953125,-12.695257636231245
0.040,-12.6953125,-12.69526449420234
0.045,-12.6953125,-12.695269828179857
0.050,-12.6953125,-12.695274095361873
0.055,-12.6953125,-12.69527758669261
0.060,-12.6953125,-12.695280496134894
0.065,-12.6953125,-12.69528295797067
0.070,-12.6953125,-12.695285068115624
0.075,-12.6953125,-12.695286896907914
0.080,-12.6953125,-12.69528849710117
0.085,-12.6953125,-12.695289909036395
0.090,-12.6953125,-12.695291164089928
0.095,-12.6953125,-12.695292287032563
0.100,-12.6953125,-12.695293297680935
0.005,-13.0859375,-13.085562384929911
0.010,-13.0859375,-13.085749942464956
0.015,-13.0859375,-13.085812461643304
0.020,-13.0859375,-13.085843721232479
0.025,-13.0859375,-13.085862476985982
0.030,-13.0859375,-13.085874980821652
0.035,-13.0859375,-13.085883912132845
0.040,-13.0859375,-13.08589061061624
0.045,-13.0859375,-13.085895820547767
0.050,-13.0859375,-13.085899988492992
0.055,-13.0859375,-13.085903398629991
0.060,-13.0859375,-13.085906240410827
0.065,-13.0859375,-13.085908644994609
0.070,-13.0859375,-13.085910706066421
0.075,-13.0859375,-13.08591249232866
0.080,-13.0859375,-13.08591405530812
0.085,-13.0859375,-13.085915434407642
0.090,-13.0859375,-13.085916660273885
0.095,-13.0859375,-13.085917757101575
0.100,-13.0859375,-13.085918744246495
0.005,-13.28125,-13.280924142464366
0.010,-13.28125,-13.281087071232184
0.015,-13.28125,-13.281141380821456
0.020,-13.28125,-13.281168535616091
0.025,-13.28125,-13.281184828492874
0.030,-13.28125,-13.281195690410728
0.035,-13.28125,-13.281203448923481
0.040,-13.28125,-13.281209267808046
0.045,-13.28125,-13.281213793607153
0.050,-13.28125,-13.281217414246436
0.055,-13.28125,-13.281220376587669
0.060,-13.28125,-13.281222845205363
0.065,-13.28125,-13.28122493403572
0.070,-13.28125,-13.28122672446174
0.075,-13.28125,-13.281228276164292
0.080,-13.28125,-13.281229633904022
0.085,-13.28125,-13.281230831909669
0.090,-13.28125,-13.281231896803575
0.095,-13.28125,-13.281232849603388
0.100,-13.28125,-13.281233707123219
0.005,-13.28125,-13.280692421550137
0.010,-13.28125,-13.28097121077507
0.015,-13.28125,-13.281064140516712
0.020,-13.28125,-13.281110605387534
0.025,-13.28125,-13.281138484310027
0.030,-13.28125,-13.281157070258356
0.035,-13.28125,-13.281170345935735
0.040,-13.28125,-13.281180302693768
0.045,-13.28125,-13.281188046838905
0.050,-13.28125,-13.281194242155014
0.055,-13.28125,-13.281199311050013
0.060,-13.28125,-13.281203535129178
0.065,-13.28125,-13.28120710935001
0.070,-13.28125,-13.281210172967867
0.075,-13.28125,-13.281212828103342
0.080,-13.28125,-13.281215151346883
0.085,-13.28125,-13.281217201267655
0.090,-13.28125,-13.281219023419451
0.095,-13.28125,-13.281220653765796
0.100,-13.28125,-13.281222121077507
0.005,-12.890625,-12.890274348956222
0.010,-12.890625,-12.890449674478111
0.015,-12.890625,-12.89050811631874
0.020,-12.890625,-12.890537337239055
0.025,-12.890625,-12.890554869791245
0.030,-12.890625,-12.890566558159371
0.035,-12.890625,-12.890574906993747
0.040,-12.890625,-12.890581168619528
0.045,-12.890625,-12.890586038772913
0.050,-12.890625,-12.890589934895623
0.055,-12.890625,-12.890593122632383
0.060,-12.890625,-12.890595779079685
0.065,-12.890625,-12.890598026842786
0.070,-12.890625,-12.890599953496872
0.075,-12.890625,-12.890601623263748
0.080,-12.890625,-12.890603084309763
0.085,-12.890625,-12.890604373468014
0.090,-12.890625,-12.890605519386456
0.095,-12.890625,-12.890606544681907
0.100,-12.890625,-12.890607467447811
0.005,-13.0859375,-13.085556177351917
0.010,-13.0859375,-13.08574683867596
0.015,-13.0859375,-13.08581039245064
0.020,-13.0859375,-13.08584216933798
0.025,-13.0859375,-13.085861235470384
0.030,-13.0859375,-13.08587394622532
0.035,-13.0859375,-13.085883025335988
0.040,-13.0859375,-13.08588983466899
0.045,-13.0859375,-13.08589513081688
0.050,-13.0859375,-13.085899367735191
0.055,-13.0859375,-13.08590283430472
0.060,-13.0859375,-13.08590572311266
0.065,-13.0859375,-13.08590816748861
0.070,-13.0859375,-13.085910262667994
0.075,-13.0859375,-13.085912078490129
0.080,-13.0859375,-13.085913667334495
0.085,-13.0859375,-13.085915069255995
0.090,-13.0859375,-13.08591631540844
0.095,-13.0859375,-13.085917430386942
0.100,-13.0859375,-13.085918433867596
0.005,-13.28125,-13.28091395941638
0.010,-13.28125,-13.281081979708189
0.015,-13.28125,-13.281137986472126
0.020,-13.28125,-13.281165989854095
0.025,-13.28125,-13.281182791883277
0.030,-13.28125,-13.281193993236062
0.035,-13.28125,-13.28120199420234
0.040,-13.28125,-13.281207994927048
0.045,-13.28125,-13.281212662157376
0.050,-13.28125,-13.281216395941637
0.055,-13.28125,-13.281219450856035
0.060,-13.28125,-13.281221996618031
0.065,-13.28125,-13.281224150724336
0.070,-13.28125,-13.28122599710117
0.075,-13.28125,-13.281227597294425
0.080,-13.28125,-13.281228997463524
0.085,-13.28125,-13.281230232906847
0.090,-13.28125,-13.281231331078688
0.095,-13.28125,-13.281232313653494
0.100,-13.28125,-13.281233197970819
0.005,-12.890625,-12.890295817387472
0.010,-12.890625,-12.890460408693736
0.015,-12.890625,-12.89051527246249
0.020,-12.890625,-12.890542704346867
0.025,-12.890625,-12.890559163477494
0.030,-12.890625,-12.890570136231245
0.035,-12.890625,-12.890577973912496
0.040,-12.890625,-12.890583852173433
0.045,-12.890625,-12.890588424154164
0.050,-12.890625,-12.890592081738747
0.055,-12.890625,-12.890595074307951
0.060,-12.890625,-12.890597568115622
0.065,-12.890625,-12.890599678260575
0.070,-12.890625,-12.890601486956248
0.075,-12.890625,-12.890603054492498
0.080,-12.890625,-12.890604426086718
0.085,-12.890625,-12.89060563631691
0.090,-12.890625,-12.890606712077082
0.095,-12.890625,-12.890607674599341
0.100,-12.890625,-12.890608540869373
0.005,-12.59765625,-12.597333651039722
0.010,-12.59765625,-12.597494950519861
0.015,-12.59765625,-12.597548717013241
0.020,-12.59765625,-12.597575600259932
0.025,-12.59765625,-12.597591730207945
0.030,-12.59765625,-12.59760248350662
0.035,-12.59765625,-12.597610164434245
0.040,-12.59765625,-12.597615925129965
0.045,-12.59765625,-12.59762040567108
0.050,-12.59765625,-12.597623990103973
0.055,-12.59765625,-12.597626922821792
0.060,-12.59765625,-12.59762936675331
0.065,-12.59765625,-12.597631434695364
0.070,-12.59765625,-12.597633207217124
0.075,-12.59765625,-12.597634743402649
0.080,-12.59765625,-12.597636087564982
0.085,-12.59765625,-12.597637273590571
0.090,-12.59765625,-12.59763832783554
0.095,-12.59765625,-12.597639271107354
0.100,-12.59765625,-12.597640120051986
